[{"nick":"ana","password":"f561aaf6ef0bf14d4208bb46a4ccb3ad"},{"nick":"tete","password":"f561aaf6ef0bf14d4208bb46a4ccb3ad"},{"nick":"mc","password":"f561aaf6ef0bf14d4208bb46a4ccb3ad"},{"nick":"joana","password":"f561aaf6ef0bf14d4208bb46a4ccb3ad"},{"nick":"rita","password":"f561aaf6ef0bf14d4208bb46a4ccb3ad"},{"nick":"zeca","password":"4eae18cf9e54a0f62b44176d074cbe2f"},{"nick":"ju","password":"f561aaf6ef0bf14d4208bb46a4ccb3ad"},{"nick":"zzzz","password":"f561aaf6ef0bf14d4208bb46a4ccb3ad"},{"nick":"ze","password":"f561aaf6ef0bf14d4208bb46a4ccb3ad"},{"nick":"maria","password":"f561aaf6ef0bf14d4208bb46a4ccb3ad"},{"nick":"","password":"d41d8cd98f00b204e9800998ecf8427e"}]